ID,Age,Gender,Period,Unemployed
1,16 to 19 years,Men,Jan-05,91000
2,20 to 24 years,Men,Jan-05,175000
3,25 to 34 years,Men,Jan-05,194000
4,35 to 44 years,Men,Jan-05,201000
5,45 to 54 years,Men,Jan-05,207000
6,55 to 64 years,Men,Jan-05,101000
7,65 years and over,Men,Jan-05,33000
8,16 to 19 years,Women,Jan-05,38000
9,20 to 24 years,Women,Jan-05,90000
10,25 to 34 years,Women,Jan-05,142000
11,35 to 44 years,Women,Jan-05,180000
12,45 to 54 years,Women,Jan-05,157000
13,55 to 64 years,Women,Jan-05,71000
14,65 years and over,Women,Jan-05,82000
15,16 to 19 years,Men,Feb-05,90000
16,20 to 24 years,Men,Feb-05,154000
17,25 to 34 years,Men,Feb-05,176000
18,35 to 44 years,Men,Feb-05,184000
19,45 to 54 years,Men,Feb-05,186000
20,55 to 64 years,Men,Feb-05,98000
21,65 years and over,Men,Feb-05,38000
22,16 to 19 years,Women,Feb-05,54000
23,20 to 24 years,Women,Feb-05,114000
24,25 to 34 years,Women,Feb-05,119000
25,35 to 44 years,Women,Feb-05,170000
26,45 to 54 years,Women,Feb-05,173000
27,55 to 64 years,Women,Feb-05,94000
28,65 years and over,Women,Feb-05,85000
29,16 to 19 years,Men,Mar-05,114000
30,20 to 24 years,Men,Mar-05,137000
31,25 to 34 years,Men,Mar-05,195000
32,35 to 44 years,Men,Mar-05,211000
33,45 to 54 years,Men,Mar-05,223000
34,55 to 64 years,Men,Mar-05,115000
35,65 years and over,Men,Mar-05,32000
36,16 to 19 years,Women,Mar-05,53000
37,20 to 24 years,Women,Mar-05,113000
38,25 to 34 years,Women,Mar-05,102000
39,35 to 44 years,Women,Mar-05,141000
40,45 to 54 years,Women,Mar-05,152000
41,55 to 64 years,Women,Mar-05,101000
42,65 years and over,Women,Mar-05,72000
43,16 to 19 years,Men,Apr-05,86000
44,20 to 24 years,Men,Apr-05,125000
45,25 to 34 years,Men,Apr-05,191000
46,35 to 44 years,Men,Apr-05,206000
47,45 to 54 years,Men,Apr-05,181000
48,55 to 64 years,Men,Apr-05,93000
49,65 years and over,Men,Apr-05,31000
50,16 to 19 years,Women,Apr-05,53000
51,20 to 24 years,Women,Apr-05,114000
52,25 to 34 years,Women,Apr-05,151000
53,35 to 44 years,Women,Apr-05,172000
54,45 to 54 years,Women,Apr-05,160000
55,55 to 64 years,Women,Apr-05,90000
56,65 years and over,Women,Apr-05,80000
57,16 to 19 years,Men,May-05,87000
58,20 to 24 years,Men,May-05,106000
59,25 to 34 years,Men,May-05,183000
60,35 to 44 years,Men,May-05,173000
61,45 to 54 years,Men,May-05,159000
62,55 to 64 years,Men,May-05,87000
63,65 years and over,Men,May-05,22000
64,16 to 19 years,Women,May-05,44000
65,20 to 24 years,Women,May-05,99000
66,25 to 34 years,Women,May-05,149000
67,35 to 44 years,Women,May-05,144000
68,45 to 54 years,Women,May-05,178000
69,55 to 64 years,Women,May-05,74000
70,65 years and over,Women,May-05,71000
71,16 to 19 years,Men,Jun-05,74000
72,20 to 24 years,Men,Jun-05,109000
73,25 to 34 years,Men,Jun-05,162000
74,35 to 44 years,Men,Jun-05,146000
75,45 to 54 years,Men,Jun-05,171000
76,55 to 64 years,Men,Jun-05,64000
77,65 years and over,Men,Jun-05,37000
78,16 to 19 years,Women,Jun-05,47000
79,20 to 24 years,Women,Jun-05,73000
80,25 to 34 years,Women,Jun-05,114000
81,35 to 44 years,Women,Jun-05,114000
82,45 to 54 years,Women,Jun-05,150000
83,55 to 64 years,Women,Jun-05,58000
84,65 years and over,Women,Jun-05,89000
85,16 to 19 years,Men,Jul-05,79000
86,20 to 24 years,Men,Jul-05,110000
87,25 to 34 years,Men,Jul-05,139000
88,35 to 44 years,Men,Jul-05,164000
89,45 to 54 years,Men,Jul-05,181000
90,55 to 64 years,Men,Jul-05,56000
91,65 years and over,Men,Jul-05,36000
92,16 to 19 years,Women,Jul-05,39000
93,20 to 24 years,Women,Jul-05,72000
94,25 to 34 years,Women,Jul-05,156000
95,35 to 44 years,Women,Jul-05,115000
96,45 to 54 years,Women,Jul-05,123000
97,55 to 64 years,Women,Jul-05,81000
98,65 years and over,Women,Jul-05,86000
99,16 to 19 years,Men,Aug-05,69000
100,20 to 24 years,Men,Aug-05,142000
101,25 to 34 years,Men,Aug-05,141000
102,35 to 44 years,Men,Aug-05,157000
103,45 to 54 years,Men,Aug-05,163000
104,55 to 64 years,Men,Aug-05,82000
105,65 years and over,Men,Aug-05,25000
106,16 to 19 years,Women,Aug-05,47000
107,20 to 24 years,Women,Aug-05,57000
108,25 to 34 years,Women,Aug-05,151000
109,35 to 44 years,Women,Aug-05,137000
110,45 to 54 years,Women,Aug-05,130000
111,55 to 64 years,Women,Aug-05,85000
112,65 years and over,Women,Aug-05,101000
113,16 to 19 years,Men,Sep-05,64000
114,20 to 24 years,Men,Sep-05,127000
115,25 to 34 years,Men,Sep-05,161000
116,35 to 44 years,Men,Sep-05,152000
117,45 to 54 years,Men,Sep-05,146000
118,55 to 64 years,Men,Sep-05,83000
119,65 years and over,Men,Sep-05,36000
120,16 to 19 years,Women,Sep-05,41000
121,20 to 24 years,Women,Sep-05,55000
122,25 to 34 years,Women,Sep-05,163000
123,35 to 44 years,Women,Sep-05,149000
124,45 to 54 years,Women,Sep-05,152000
125,55 to 64 years,Women,Sep-05,80000
126,65 years and over,Women,Sep-05,96000
127,16 to 19 years,Men,Oct-05,51000
128,20 to 24 years,Men,Oct-05,102000
129,25 to 34 years,Men,Oct-05,152000
130,35 to 44 years,Men,Oct-05,137000
131,45 to 54 years,Men,Oct-05,195000
132,55 to 64 years,Men,Oct-05,90000
133,65 years and over,Men,Oct-05,41000
134,16 to 19 years,Women,Oct-05,48000
135,20 to 24 years,Women,Oct-05,56000
136,25 to 34 years,Women,Oct-05,150000
137,35 to 44 years,Women,Oct-05,156000
138,45 to 54 years,Women,Oct-05,120000
139,55 to 64 years,Women,Oct-05,69000
140,65 years and over,Women,Oct-05,94000
141,16 to 19 years,Men,Nov-05,53000
142,20 to 24 years,Men,Nov-05,97000
143,25 to 34 years,Men,Nov-05,137000
144,35 to 44 years,Men,Nov-05,151000
145,45 to 54 years,Men,Nov-05,197000
146,55 to 64 years,Men,Nov-05,82000
147,65 years and over,Men,Nov-05,37000
148,16 to 19 years,Women,Nov-05,28000
149,20 to 24 years,Women,Nov-05,65000
150,25 to 34 years,Women,Nov-05,140000
151,35 to 44 years,Women,Nov-05,129000
152,45 to 54 years,Women,Nov-05,131000
153,55 to 64 years,Women,Nov-05,82000
154,65 years and over,Women,Nov-05,62000
155,16 to 19 years,Men,Dec-05,62000
156,20 to 24 years,Men,Dec-05,93000
157,25 to 34 years,Men,Dec-05,164000
158,35 to 44 years,Men,Dec-05,150000
159,45 to 54 years,Men,Dec-05,190000
160,55 to 64 years,Men,Dec-05,104000
161,65 years and over,Men,Dec-05,20000
162,16 to 19 years,Women,Dec-05,30000
163,20 to 24 years,Women,Dec-05,56000
164,25 to 34 years,Women,Dec-05,131000
165,35 to 44 years,Women,Dec-05,112000
166,45 to 54 years,Women,Dec-05,116000
167,55 to 64 years,Women,Dec-05,73000
168,65 years and over,Women,Dec-05,64000
169,16 to 19 years,Men,Jan-06,34000
170,20 to 24 years,Men,Jan-06,126000
171,25 to 34 years,Men,Jan-06,141000
172,35 to 44 years,Men,Jan-06,105000
173,45 to 54 years,Men,Jan-06,162000
174,55 to 64 years,Men,Jan-06,102000
175,65 years and over,Men,Jan-06,35000
176,16 to 19 years,Women,Jan-06,39000
177,20 to 24 years,Women,Jan-06,27000
178,25 to 34 years,Women,Jan-06,92000
179,35 to 44 years,Women,Jan-06,134000
180,45 to 54 years,Women,Jan-06,110000
181,55 to 64 years,Women,Jan-06,85000
182,65 years and over,Women,Jan-06,61000
183,16 to 19 years,Men,Feb-06,68000
184,20 to 24 years,Men,Feb-06,135000
185,25 to 34 years,Men,Feb-06,190000
186,35 to 44 years,Men,Feb-06,123000
187,45 to 54 years,Men,Feb-06,182000
188,55 to 64 years,Men,Feb-06,95000
189,65 years and over,Men,Feb-06,21000
190,16 to 19 years,Women,Feb-06,26000
191,20 to 24 years,Women,Feb-06,75000
192,25 to 34 years,Women,Feb-06,132000
193,35 to 44 years,Women,Feb-06,150000
194,45 to 54 years,Women,Feb-06,124000
195,55 to 64 years,Women,Feb-06,69000
196,65 years and over,Women,Feb-06,61000
197,16 to 19 years,Men,Mar-06,84000
198,20 to 24 years,Men,Mar-06,140000
199,25 to 34 years,Men,Mar-06,134000
200,35 to 44 years,Men,Mar-06,171000
201,45 to 54 years,Men,Mar-06,163000
202,55 to 64 years,Men,Mar-06,84000
203,65 years and over,Men,Mar-06,20000
204,16 to 19 years,Women,Mar-06,40000
205,20 to 24 years,Women,Mar-06,52000
206,25 to 34 years,Women,Mar-06,137000
207,35 to 44 years,Women,Mar-06,138000
208,45 to 54 years,Women,Mar-06,119000
209,55 to 64 years,Women,Mar-06,60000
210,65 years and over,Women,Mar-06,54000
211,16 to 19 years,Men,Apr-06,97000
212,20 to 24 years,Men,Apr-06,174000
213,25 to 34 years,Men,Apr-06,155000
214,35 to 44 years,Men,Apr-06,140000
215,45 to 54 years,Men,Apr-06,141000
216,55 to 64 years,Men,Apr-06,113000
217,65 years and over,Men,Apr-06,23000
218,16 to 19 years,Women,Apr-06,28000
219,20 to 24 years,Women,Apr-06,71000
220,25 to 34 years,Women,Apr-06,135000
221,35 to 44 years,Women,Apr-06,157000
222,45 to 54 years,Women,Apr-06,98000
223,55 to 64 years,Women,Apr-06,59000
224,65 years and over,Women,Apr-06,54000
225,16 to 19 years,Men,May-06,66000
226,20 to 24 years,Men,May-06,125000
227,25 to 34 years,Men,May-06,137000
228,35 to 44 years,Men,May-06,158000
229,45 to 54 years,Men,May-06,178000
230,55 to 64 years,Men,May-06,81000
231,65 years and over,Men,May-06,12000
232,16 to 19 years,Women,May-06,45000
233,20 to 24 years,Women,May-06,54000
234,25 to 34 years,Women,May-06,146000
235,35 to 44 years,Women,May-06,148000
236,45 to 54 years,Women,May-06,100000
237,55 to 64 years,Women,May-06,56000
238,65 years and over,Women,May-06,43000
239,16 to 19 years,Men,Jun-06,63000
240,20 to 24 years,Men,Jun-06,106000
241,25 to 34 years,Men,Jun-06,134000
242,35 to 44 years,Men,Jun-06,127000
243,45 to 54 years,Men,Jun-06,124000
244,55 to 64 years,Men,Jun-06,85000
245,65 years and over,Men,Jun-06,13000
246,16 to 19 years,Women,Jun-06,30000
247,20 to 24 years,Women,Jun-06,39000
248,25 to 34 years,Women,Jun-06,123000
249,35 to 44 years,Women,Jun-06,110000
250,45 to 54 years,Women,Jun-06,92000
251,55 to 64 years,Women,Jun-06,63000
252,65 years and over,Women,Jun-06,68000
253,16 to 19 years,Men,Jul-06,74000
254,20 to 24 years,Men,Jul-06,93000
255,25 to 34 years,Men,Jul-06,133000
256,35 to 44 years,Men,Jul-06,163000
257,45 to 54 years,Men,Jul-06,138000
258,55 to 64 years,Men,Jul-06,96000
259,65 years and over,Men,Jul-06,9000
260,16 to 19 years,Women,Jul-06,74000
261,20 to 24 years,Women,Jul-06,81000
262,25 to 34 years,Women,Jul-06,115000
263,35 to 44 years,Women,Jul-06,133000
264,45 to 54 years,Women,Jul-06,84000
265,55 to 64 years,Women,Jul-06,83000
266,65 years and over,Women,Jul-06,86000
267,16 to 19 years,Men,Aug-06,77000
268,20 to 24 years,Men,Aug-06,130000
269,25 to 34 years,Men,Aug-06,114000
270,35 to 44 years,Men,Aug-06,159000
271,45 to 54 years,Men,Aug-06,154000
272,55 to 64 years,Men,Aug-06,87000
273,65 years and over,Men,Aug-06,21000
274,16 to 19 years,Women,Aug-06,46000
275,20 to 24 years,Women,Aug-06,63000
276,25 to 34 years,Women,Aug-06,102000
277,35 to 44 years,Women,Aug-06,122000
278,45 to 54 years,Women,Aug-06,134000
279,55 to 64 years,Women,Aug-06,80000
280,65 years and over,Women,Aug-06,110000
281,16 to 19 years,Men,Sep-06,53000
282,20 to 24 years,Men,Sep-06,101000
283,25 to 34 years,Men,Sep-06,113000
284,35 to 44 years,Men,Sep-06,153000
285,45 to 54 years,Men,Sep-06,120000
286,55 to 64 years,Men,Sep-06,97000
287,65 years and over,Men,Sep-06,10000
288,16 to 19 years,Women,Sep-06,27000
289,20 to 24 years,Women,Sep-06,88000
290,25 to 34 years,Women,Sep-06,120000
291,35 to 44 years,Women,Sep-06,122000
292,45 to 54 years,Women,Sep-06,125000
293,55 to 64 years,Women,Sep-06,86000
294,65 years and over,Women,Sep-06,111000
295,16 to 19 years,Men,Oct-06,50000
296,20 to 24 years,Men,Oct-06,92000
297,25 to 34 years,Men,Oct-06,118000
298,35 to 44 years,Men,Oct-06,100000
299,45 to 54 years,Men,Oct-06,81000
300,55 to 64 years,Men,Oct-06,91000
301,65 years and over,Men,Oct-06,29000
302,16 to 19 years,Women,Oct-06,21000
303,20 to 24 years,Women,Oct-06,68000
304,25 to 34 years,Women,Oct-06,85000
305,35 to 44 years,Women,Oct-06,94000
306,45 to 54 years,Women,Oct-06,118000
307,55 to 64 years,Women,Oct-06,74000
308,65 years and over,Women,Oct-06,83000
309,16 to 19 years,Men,Nov-06,61000
310,20 to 24 years,Men,Nov-06,80000
311,25 to 34 years,Men,Nov-06,129000
312,35 to 44 years,Men,Nov-06,107000
313,45 to 54 years,Men,Nov-06,102000
314,55 to 64 years,Men,Nov-06,89000
315,65 years and over,Men,Nov-06,28000
316,16 to 19 years,Women,Nov-06,37000
317,20 to 24 years,Women,Nov-06,82000
318,25 to 34 years,Women,Nov-06,77000
319,35 to 44 years,Women,Nov-06,108000
320,45 to 54 years,Women,Nov-06,121000
321,55 to 64 years,Women,Nov-06,74000
322,65 years and over,Women,Nov-06,92000
323,16 to 19 years,Men,Dec-06,66000
324,20 to 24 years,Men,Dec-06,97000
325,25 to 34 years,Men,Dec-06,102000
326,35 to 44 years,Men,Dec-06,82000
327,45 to 54 years,Men,Dec-06,130000
328,55 to 64 years,Men,Dec-06,95000
329,65 years and over,Men,Dec-06,18000
330,16 to 19 years,Women,Dec-06,30000
331,20 to 24 years,Women,Dec-06,49000
332,25 to 34 years,Women,Dec-06,95000
333,35 to 44 years,Women,Dec-06,96000
334,45 to 54 years,Women,Dec-06,101000
335,55 to 64 years,Women,Dec-06,81000
336,65 years and over,Women,Dec-06,32000
337,16 to 19 years,Men,Jan-07,57000
338,20 to 24 years,Men,Jan-07,87000
339,25 to 34 years,Men,Jan-07,138000
340,35 to 44 years,Men,Jan-07,120000
341,45 to 54 years,Men,Jan-07,108000
342,55 to 64 years,Men,Jan-07,107000
343,65 years and over,Men,Jan-07,16000
344,16 to 19 years,Women,Jan-07,33000
345,20 to 24 years,Women,Jan-07,43000
346,25 to 34 years,Women,Jan-07,126000
347,35 to 44 years,Women,Jan-07,114000
348,45 to 54 years,Women,Jan-07,137000
349,55 to 64 years,Women,Jan-07,72000
350,65 years and over,Women,Jan-07,81000
351,16 to 19 years,Men,Feb-07,100000
352,20 to 24 years,Men,Feb-07,123000
353,25 to 34 years,Men,Feb-07,153000
354,35 to 44 years,Men,Feb-07,123000
355,45 to 54 years,Men,Feb-07,148000
356,55 to 64 years,Men,Feb-07,83000
357,65 years and over,Men,Feb-07,29000
358,16 to 19 years,Women,Feb-07,37000
359,20 to 24 years,Women,Feb-07,45000
360,25 to 34 years,Women,Feb-07,127000
361,35 to 44 years,Women,Feb-07,124000
362,45 to 54 years,Women,Feb-07,125000
363,55 to 64 years,Women,Feb-07,50000
364,65 years and over,Women,Feb-07,55000
365,16 to 19 years,Men,Mar-07,83000
366,20 to 24 years,Men,Mar-07,110000
367,25 to 34 years,Men,Mar-07,168000
368,35 to 44 years,Men,Mar-07,137000
369,45 to 54 years,Men,Mar-07,189000
370,55 to 64 years,Men,Mar-07,95000
371,65 years and over,Men,Mar-07,28000
372,16 to 19 years,Women,Mar-07,24000
373,20 to 24 years,Women,Mar-07,35000
374,25 to 34 years,Women,Mar-07,135000
375,35 to 44 years,Women,Mar-07,102000
376,45 to 54 years,Women,Mar-07,113000
377,55 to 64 years,Women,Mar-07,56000
378,65 years and over,Women,Mar-07,68000
379,16 to 19 years,Men,Apr-07,90000
380,20 to 24 years,Men,Apr-07,99000
381,25 to 34 years,Men,Apr-07,191000
382,35 to 44 years,Men,Apr-07,101000
383,45 to 54 years,Men,Apr-07,161000
384,55 to 64 years,Men,Apr-07,86000
385,65 years and over,Men,Apr-07,20000
386,16 to 19 years,Women,Apr-07,45000
387,20 to 24 years,Women,Apr-07,53000
388,25 to 34 years,Women,Apr-07,138000
389,35 to 44 years,Women,Apr-07,94000
390,45 to 54 years,Women,Apr-07,122000
391,55 to 64 years,Women,Apr-07,53000
392,65 years and over,Women,Apr-07,64000
393,16 to 19 years,Men,May-07,73000
394,20 to 24 years,Men,May-07,88000
395,25 to 34 years,Men,May-07,172000
396,35 to 44 years,Men,May-07,87000
397,45 to 54 years,Men,May-07,133000
398,55 to 64 years,Men,May-07,82000
399,65 years and over,Men,May-07,19000
400,16 to 19 years,Women,May-07,37000
401,20 to 24 years,Women,May-07,44000
402,25 to 34 years,Women,May-07,119000
403,35 to 44 years,Women,May-07,97000
404,45 to 54 years,Women,May-07,107000
405,55 to 64 years,Women,May-07,60000
406,65 years and over,Women,May-07,71000
407,16 to 19 years,Men,Jun-07,54000
408,20 to 24 years,Men,Jun-07,113000
409,25 to 34 years,Men,Jun-07,140000
410,35 to 44 years,Men,Jun-07,106000
411,45 to 54 years,Men,Jun-07,141000
412,55 to 64 years,Men,Jun-07,81000
413,65 years and over,Men,Jun-07,17000
414,16 to 19 years,Women,Jun-07,54000
415,20 to 24 years,Women,Jun-07,44000
416,25 to 34 years,Women,Jun-07,94000
417,35 to 44 years,Women,Jun-07,98000
418,45 to 54 years,Women,Jun-07,100000
419,55 to 64 years,Women,Jun-07,52000
420,65 years and over,Women,Jun-07,109000
421,16 to 19 years,Men,Jul-07,44000
422,20 to 24 years,Men,Jul-07,129000
423,25 to 34 years,Men,Jul-07,112000
424,35 to 44 years,Men,Jul-07,136000
425,45 to 54 years,Men,Jul-07,148000
426,55 to 64 years,Men,Jul-07,93000
427,65 years and over,Men,Jul-07,36000
428,16 to 19 years,Women,Jul-07,41000
429,20 to 24 years,Women,Jul-07,75000
430,25 to 34 years,Women,Jul-07,128000
431,35 to 44 years,Women,Jul-07,150000
432,45 to 54 years,Women,Jul-07,118000
433,55 to 64 years,Women,Jul-07,63000
434,65 years and over,Women,Jul-07,111000
435,16 to 19 years,Men,Aug-07,43000
436,20 to 24 years,Men,Aug-07,150000
437,25 to 34 years,Men,Aug-07,119000
438,35 to 44 years,Men,Aug-07,121000
439,45 to 54 years,Men,Aug-07,147000
440,55 to 64 years,Men,Aug-07,110000
441,65 years and over,Men,Aug-07,17000
442,16 to 19 years,Women,Aug-07,47000
443,20 to 24 years,Women,Aug-07,66000
444,25 to 34 years,Women,Aug-07,125000
445,35 to 44 years,Women,Aug-07,112000
446,45 to 54 years,Women,Aug-07,125000
447,55 to 64 years,Women,Aug-07,50000
448,65 years and over,Women,Aug-07,84000
449,16 to 19 years,Men,Sep-07,68000
450,20 to 24 years,Men,Sep-07,131000
451,25 to 34 years,Men,Sep-07,140000
452,35 to 44 years,Men,Sep-07,139000
453,45 to 54 years,Men,Sep-07,129000
454,55 to 64 years,Men,Sep-07,105000
455,65 years and over,Men,Sep-07,19000
456,16 to 19 years,Women,Sep-07,36000
457,20 to 24 years,Women,Sep-07,73000
458,25 to 34 years,Women,Sep-07,115000
459,35 to 44 years,Women,Sep-07,126000
460,45 to 54 years,Women,Sep-07,127000
461,55 to 64 years,Women,Sep-07,53000
462,65 years and over,Women,Sep-07,92000
463,16 to 19 years,Men,Oct-07,60000
464,20 to 24 years,Men,Oct-07,117000
465,25 to 34 years,Men,Oct-07,100000
466,35 to 44 years,Men,Oct-07,119000
467,45 to 54 years,Men,Oct-07,144000
468,55 to 64 years,Men,Oct-07,95000
469,65 years and over,Men,Oct-07,29000
470,16 to 19 years,Women,Oct-07,27000
471,20 to 24 years,Women,Oct-07,83000
472,25 to 34 years,Women,Oct-07,104000
473,35 to 44 years,Women,Oct-07,156000
474,45 to 54 years,Women,Oct-07,146000
475,55 to 64 years,Women,Oct-07,85000
476,65 years and over,Women,Oct-07,76000
477,16 to 19 years,Men,Nov-07,65000
478,20 to 24 years,Men,Nov-07,88000
479,25 to 34 years,Men,Nov-07,149000
480,35 to 44 years,Men,Nov-07,142000
481,45 to 54 years,Men,Nov-07,128000
482,55 to 64 years,Men,Nov-07,88000
483,65 years and over,Men,Nov-07,33000
484,16 to 19 years,Women,Nov-07,46000
485,20 to 24 years,Women,Nov-07,100000
486,25 to 34 years,Women,Nov-07,129000
487,35 to 44 years,Women,Nov-07,140000
488,45 to 54 years,Women,Nov-07,146000
489,55 to 64 years,Women,Nov-07,86000
490,65 years and over,Women,Nov-07,89000
491,16 to 19 years,Men,Dec-07,69000
492,20 to 24 years,Men,Dec-07,106000
493,25 to 34 years,Men,Dec-07,147000
494,35 to 44 years,Men,Dec-07,132000
495,45 to 54 years,Men,Dec-07,149000
496,55 to 64 years,Men,Dec-07,83000
497,65 years and over,Men,Dec-07,36000
498,16 to 19 years,Women,Dec-07,36000
499,20 to 24 years,Women,Dec-07,80000
500,25 to 34 years,Women,Dec-07,108000
501,35 to 44 years,Women,Dec-07,133000
502,45 to 54 years,Women,Dec-07,124000
503,55 to 64 years,Women,Dec-07,63000
504,65 years and over,Women,Dec-07,77000
505,16 to 19 years,Men,Jan-08,90000
506,20 to 24 years,Men,Jan-08,138000
507,25 to 34 years,Men,Jan-08,169000
508,35 to 44 years,Men,Jan-08,155000
509,45 to 54 years,Men,Jan-08,145000
510,55 to 64 years,Men,Jan-08,75000
511,65 years and over,Men,Jan-08,39000
512,16 to 19 years,Women,Jan-08,47000
513,20 to 24 years,Women,Jan-08,76000
514,25 to 34 years,Women,Jan-08,93000
515,35 to 44 years,Women,Jan-08,126000
516,45 to 54 years,Women,Jan-08,153000
517,55 to 64 years,Women,Jan-08,88000
518,65 years and over,Women,Jan-08,99000
519,16 to 19 years,Men,Feb-08,105000
520,20 to 24 years,Men,Feb-08,146000
521,25 to 34 years,Men,Feb-08,121000
522,35 to 44 years,Men,Feb-08,151000
523,45 to 54 years,Men,Feb-08,164000
524,55 to 64 years,Men,Feb-08,95000
525,65 years and over,Men,Feb-08,31000
526,16 to 19 years,Women,Feb-08,37000
527,20 to 24 years,Women,Feb-08,56000
528,25 to 34 years,Women,Feb-08,107000
529,35 to 44 years,Women,Feb-08,97000
530,45 to 54 years,Women,Feb-08,130000
531,55 to 64 years,Women,Feb-08,103000
532,65 years and over,Women,Feb-08,106000
533,16 to 19 years,Men,Mar-08,71000
534,20 to 24 years,Men,Mar-08,142000
535,25 to 34 years,Men,Mar-08,145000
536,35 to 44 years,Men,Mar-08,154000
537,45 to 54 years,Men,Mar-08,201000
538,55 to 64 years,Men,Mar-08,78000
539,65 years and over,Men,Mar-08,34000
540,16 to 19 years,Women,Mar-08,51000
541,20 to 24 years,Women,Mar-08,52000
542,25 to 34 years,Women,Mar-08,124000
543,35 to 44 years,Women,Mar-08,101000
544,45 to 54 years,Women,Mar-08,113000
545,55 to 64 years,Women,Mar-08,75000
546,65 years and over,Women,Mar-08,101000
547,16 to 19 years,Men,Apr-08,95000
548,20 to 24 years,Men,Apr-08,154000
549,25 to 34 years,Men,Apr-08,165000
550,35 to 44 years,Men,Apr-08,175000
551,45 to 54 years,Men,Apr-08,203000
552,55 to 64 years,Men,Apr-08,67000
553,65 years and over,Men,Apr-08,33000
554,16 to 19 years,Women,Apr-08,50000
555,20 to 24 years,Women,Apr-08,44000
556,25 to 34 years,Women,Apr-08,137000
557,35 to 44 years,Women,Apr-08,85000
558,45 to 54 years,Women,Apr-08,154000
559,55 to 64 years,Women,Apr-08,72000
560,65 years and over,Women,Apr-08,98000
561,16 to 19 years,Men,May-08,91000
562,20 to 24 years,Men,May-08,174000
563,25 to 34 years,Men,May-08,180000
564,35 to 44 years,Men,May-08,143000
565,45 to 54 years,Men,May-08,183000
566,55 to 64 years,Men,May-08,94000
567,65 years and over,Men,May-08,27000
568,16 to 19 years,Women,May-08,69000
569,20 to 24 years,Women,May-08,61000
570,25 to 34 years,Women,May-08,148000
571,35 to 44 years,Women,May-08,118000
572,45 to 54 years,Women,May-08,183000
573,55 to 64 years,Women,May-08,76000
574,65 years and over,Women,May-08,67000
575,16 to 19 years,Men,Jun-08,80000
576,20 to 24 years,Men,Jun-08,160000
577,25 to 34 years,Men,Jun-08,210000
578,35 to 44 years,Men,Jun-08,158000
579,45 to 54 years,Men,Jun-08,173000
580,55 to 64 years,Men,Jun-08,99000
581,65 years and over,Men,Jun-08,25000
582,16 to 19 years,Women,Jun-08,51000
583,20 to 24 years,Women,Jun-08,71000
584,25 to 34 years,Women,Jun-08,132000
585,35 to 44 years,Women,Jun-08,118000
586,45 to 54 years,Women,Jun-08,168000
587,55 to 64 years,Women,Jun-08,66000
588,65 years and over,Women,Jun-08,99000
589,16 to 19 years,Men,Jul-08,74000
590,20 to 24 years,Men,Jul-08,151000
591,25 to 34 years,Men,Jul-08,193000
592,35 to 44 years,Men,Jul-08,201000
593,45 to 54 years,Men,Jul-08,196000
594,55 to 64 years,Men,Jul-08,70000
595,65 years and over,Men,Jul-08,37000
596,16 to 19 years,Women,Jul-08,48000
597,20 to 24 years,Women,Jul-08,85000
598,25 to 34 years,Women,Jul-08,163000
599,35 to 44 years,Women,Jul-08,147000
600,45 to 54 years,Women,Jul-08,197000
601,55 to 64 years,Women,Jul-08,78000
602,65 years and over,Women,Jul-08,133000
603,16 to 19 years,Men,Aug-08,78000
604,20 to 24 years,Men,Aug-08,138000
605,25 to 34 years,Men,Aug-08,222000
606,35 to 44 years,Men,Aug-08,208000
607,45 to 54 years,Men,Aug-08,206000
608,55 to 64 years,Men,Aug-08,103000
609,65 years and over,Men,Aug-08,50000
610,16 to 19 years,Women,Aug-08,62000
611,20 to 24 years,Women,Aug-08,101000
612,25 to 34 years,Women,Aug-08,204000
613,35 to 44 years,Women,Aug-08,166000
614,45 to 54 years,Women,Aug-08,209000
615,55 to 64 years,Women,Aug-08,99000
616,65 years and over,Women,Aug-08,149000
617,16 to 19 years,Men,Sep-08,75000
618,20 to 24 years,Men,Sep-08,169000
619,25 to 34 years,Men,Sep-08,249000
620,35 to 44 years,Men,Sep-08,235000
621,45 to 54 years,Men,Sep-08,212000
622,55 to 64 years,Men,Sep-08,126000
623,65 years and over,Men,Sep-08,46000
624,16 to 19 years,Women,Sep-08,69000
625,20 to 24 years,Women,Sep-08,141000
626,25 to 34 years,Women,Sep-08,177000
627,35 to 44 years,Women,Sep-08,146000
628,45 to 54 years,Women,Sep-08,231000
629,55 to 64 years,Women,Sep-08,112000
630,65 years and over,Women,Sep-08,125000
631,16 to 19 years,Men,Oct-08,114000
632,20 to 24 years,Men,Oct-08,176000
633,25 to 34 years,Men,Oct-08,281000
634,35 to 44 years,Men,Oct-08,250000
635,45 to 54 years,Men,Oct-08,217000
636,55 to 64 years,Men,Oct-08,158000
637,65 years and over,Men,Oct-08,45000
638,16 to 19 years,Women,Oct-08,48000
639,20 to 24 years,Women,Oct-08,104000
640,25 to 34 years,Women,Oct-08,222000
641,35 to 44 years,Women,Oct-08,192000
642,45 to 54 years,Women,Oct-08,243000
643,55 to 64 years,Women,Oct-08,132000
644,65 years and over,Women,Oct-08,146000
645,16 to 19 years,Men,Nov-08,106000
646,20 to 24 years,Men,Nov-08,152000
647,25 to 34 years,Men,Nov-08,316000
648,35 to 44 years,Men,Nov-08,206000
649,45 to 54 years,Men,Nov-08,253000
650,55 to 64 years,Men,Nov-08,171000
651,65 years and over,Men,Nov-08,57000
652,16 to 19 years,Women,Nov-08,53000
653,20 to 24 years,Women,Nov-08,106000
654,25 to 34 years,Women,Nov-08,202000
655,35 to 44 years,Women,Nov-08,203000
656,45 to 54 years,Women,Nov-08,189000
657,55 to 64 years,Women,Nov-08,156000
658,65 years and over,Women,Nov-08,95000
659,16 to 19 years,Men,Dec-08,109000
660,20 to 24 years,Men,Dec-08,216000
661,25 to 34 years,Men,Dec-08,323000
662,35 to 44 years,Men,Dec-08,253000
663,45 to 54 years,Men,Dec-08,318000
664,55 to 64 years,Men,Dec-08,173000
665,65 years and over,Men,Dec-08,66000
666,16 to 19 years,Women,Dec-08,83000
667,20 to 24 years,Women,Dec-08,132000
668,25 to 34 years,Women,Dec-08,165000
669,35 to 44 years,Women,Dec-08,222000
670,45 to 54 years,Women,Dec-08,246000
671,55 to 64 years,Women,Dec-08,174000
672,65 years and over,Women,Dec-08,109000
673,16 to 19 years,Men,Jan-09,135000
674,20 to 24 years,Men,Jan-09,234000
675,25 to 34 years,Men,Jan-09,331000
676,35 to 44 years,Men,Jan-09,279000
677,45 to 54 years,Men,Jan-09,372000
678,55 to 64 years,Men,Jan-09,179000
679,65 years and over,Men,Jan-09,78000
680,16 to 19 years,Women,Jan-09,86000
681,20 to 24 years,Women,Jan-09,123000
682,25 to 34 years,Women,Jan-09,209000
683,35 to 44 years,Women,Jan-09,272000
684,45 to 54 years,Women,Jan-09,223000
685,55 to 64 years,Women,Jan-09,186000
686,65 years and over,Women,Jan-09,146000
687,16 to 19 years,Men,Feb-09,198000
688,20 to 24 years,Men,Feb-09,258000
689,25 to 34 years,Men,Feb-09,363000
690,35 to 44 years,Men,Feb-09,311000
691,45 to 54 years,Men,Feb-09,438000
692,55 to 64 years,Men,Feb-09,196000
693,65 years and over,Men,Feb-09,100000
694,16 to 19 years,Women,Feb-09,85000
695,20 to 24 years,Women,Feb-09,178000
696,25 to 34 years,Women,Feb-09,209000
697,35 to 44 years,Women,Feb-09,293000
698,45 to 54 years,Women,Feb-09,241000
699,55 to 64 years,Women,Feb-09,149000
700,65 years and over,Women,Feb-09,167000
701,16 to 19 years,Men,Mar-09,152000
702,20 to 24 years,Men,Mar-09,288000
703,25 to 34 years,Men,Mar-09,406000
704,35 to 44 years,Men,Mar-09,399000
705,45 to 54 years,Men,Mar-09,461000
706,55 to 64 years,Men,Mar-09,239000
707,65 years and over,Men,Mar-09,80000
708,16 to 19 years,Women,Mar-09,112000
709,20 to 24 years,Women,Mar-09,169000
710,25 to 34 years,Women,Mar-09,242000
711,35 to 44 years,Women,Mar-09,279000
712,45 to 54 years,Women,Mar-09,282000
713,55 to 64 years,Women,Mar-09,180000
714,65 years and over,Women,Mar-09,160000
715,16 to 19 years,Men,Apr-09,213000
716,20 to 24 years,Men,Apr-09,366000
717,25 to 34 years,Men,Apr-09,506000
718,35 to 44 years,Men,Apr-09,485000
719,45 to 54 years,Men,Apr-09,489000
720,55 to 64 years,Men,Apr-09,269000
721,65 years and over,Men,Apr-09,79000
722,16 to 19 years,Women,Apr-09,121000
723,20 to 24 years,Women,Apr-09,167000
724,25 to 34 years,Women,Apr-09,318000
725,35 to 44 years,Women,Apr-09,302000
726,45 to 54 years,Women,Apr-09,325000
727,55 to 64 years,Women,Apr-09,205000
728,65 years and over,Women,Apr-09,145000
729,16 to 19 years,Men,May-09,174000
730,20 to 24 years,Men,May-09,366000
731,25 to 34 years,Men,May-09,537000
732,35 to 44 years,Men,May-09,450000
733,45 to 54 years,Men,May-09,479000
734,55 to 64 years,Men,May-09,282000
735,65 years and over,Men,May-09,87000
736,16 to 19 years,Women,May-09,102000
737,20 to 24 years,Women,May-09,212000
738,25 to 34 years,Women,May-09,377000
739,35 to 44 years,Women,May-09,297000
740,45 to 54 years,Women,May-09,327000
741,55 to 64 years,Women,May-09,214000
742,65 years and over,Women,May-09,171000
743,16 to 19 years,Men,Jun-09,207000
744,20 to 24 years,Men,Jun-09,300000
745,25 to 34 years,Men,Jun-09,553000
746,35 to 44 years,Men,Jun-09,495000
747,45 to 54 years,Men,Jun-09,488000
748,55 to 64 years,Men,Jun-09,361000
749,65 years and over,Men,Jun-09,107000
750,16 to 19 years,Women,Jun-09,118000
751,20 to 24 years,Women,Jun-09,212000
752,25 to 34 years,Women,Jun-09,382000
753,35 to 44 years,Women,Jun-09,355000
754,45 to 54 years,Women,Jun-09,354000
755,55 to 64 years,Women,Jun-09,231000
756,65 years and over,Women,Jun-09,197000
757,16 to 19 years,Men,Jul-09,192000
758,20 to 24 years,Men,Jul-09,416000
759,25 to 34 years,Men,Jul-09,730000
760,35 to 44 years,Men,Jul-09,551000
761,45 to 54 years,Men,Jul-09,552000
762,55 to 64 years,Men,Jul-09,378000
763,65 years and over,Men,Jul-09,109000
764,16 to 19 years,Women,Jul-09,126000
765,20 to 24 years,Women,Jul-09,277000
766,25 to 34 years,Women,Jul-09,480000
767,35 to 44 years,Women,Jul-09,409000
768,45 to 54 years,Women,Jul-09,393000
769,55 to 64 years,Women,Jul-09,261000
770,65 years and over,Women,Jul-09,210000
771,16 to 19 years,Men,Aug-09,180000
772,20 to 24 years,Men,Aug-09,360000
773,25 to 34 years,Men,Aug-09,734000
774,35 to 44 years,Men,Aug-09,574000
775,45 to 54 years,Men,Aug-09,626000
776,55 to 64 years,Men,Aug-09,379000
777,65 years and over,Men,Aug-09,105000
778,16 to 19 years,Women,Aug-09,94000
779,20 to 24 years,Women,Aug-09,242000
780,25 to 34 years,Women,Aug-09,492000
781,35 to 44 years,Women,Aug-09,430000
782,45 to 54 years,Women,Aug-09,464000
783,55 to 64 years,Women,Aug-09,294000
784,65 years and over,Women,Aug-09,196000
785,16 to 19 years,Men,Sep-09,165000
786,20 to 24 years,Men,Sep-09,395000
787,25 to 34 years,Men,Sep-09,764000
788,35 to 44 years,Men,Sep-09,635000
789,45 to 54 years,Men,Sep-09,698000
790,55 to 64 years,Men,Sep-09,376000
791,65 years and over,Men,Sep-09,119000
792,16 to 19 years,Women,Sep-09,99000
793,20 to 24 years,Women,Sep-09,306000
794,25 to 34 years,Women,Sep-09,510000
795,35 to 44 years,Women,Sep-09,508000
796,45 to 54 years,Women,Sep-09,498000
797,55 to 64 years,Women,Sep-09,286000
798,65 years and over,Women,Sep-09,210000
799,16 to 19 years,Men,Oct-09,229000
800,20 to 24 years,Men,Oct-09,400000
801,25 to 34 years,Men,Oct-09,738000
802,35 to 44 years,Men,Oct-09,647000
803,45 to 54 years,Men,Oct-09,730000
804,55 to 64 years,Men,Oct-09,390000
805,65 years and over,Men,Oct-09,102000
806,16 to 19 years,Women,Oct-09,118000
807,20 to 24 years,Women,Oct-09,245000
808,25 to 34 years,Women,Oct-09,550000
809,35 to 44 years,Women,Oct-09,474000
810,45 to 54 years,Women,Oct-09,510000
811,55 to 64 years,Women,Oct-09,309000
812,65 years and over,Women,Oct-09,188000
813,16 to 19 years,Men,Nov-09,228000
814,20 to 24 years,Men,Nov-09,425000
815,25 to 34 years,Men,Nov-09,787000
816,35 to 44 years,Men,Nov-09,668000
817,45 to 54 years,Men,Nov-09,816000
818,55 to 64 years,Men,Nov-09,468000
819,65 years and over,Men,Nov-09,115000
820,16 to 19 years,Women,Nov-09,113000
821,20 to 24 years,Women,Nov-09,297000
822,25 to 34 years,Women,Nov-09,481000
823,35 to 44 years,Women,Nov-09,497000
824,45 to 54 years,Women,Nov-09,513000
825,55 to 64 years,Women,Nov-09,347000
826,65 years and over,Women,Nov-09,184000
827,16 to 19 years,Men,Dec-09,237000
828,20 to 24 years,Men,Dec-09,428000
829,25 to 34 years,Men,Dec-09,810000
830,35 to 44 years,Men,Dec-09,699000
831,45 to 54 years,Men,Dec-09,848000
832,55 to 64 years,Men,Dec-09,471000
833,65 years and over,Men,Dec-09,123000
834,16 to 19 years,Women,Dec-09,136000
835,20 to 24 years,Women,Dec-09,230000
836,25 to 34 years,Women,Dec-09,463000
837,35 to 44 years,Women,Dec-09,492000
838,45 to 54 years,Women,Dec-09,535000
839,55 to 64 years,Women,Dec-09,335000
840,65 years and over,Women,Dec-09,186000
841,16 to 19 years,Men,Jan-10,227000
842,20 to 24 years,Men,Jan-10,542000
843,25 to 34 years,Men,Jan-10,913000
844,35 to 44 years,Men,Jan-10,733000
845,45 to 54 years,Men,Jan-10,897000
846,55 to 64 years,Men,Jan-10,549000
847,65 years and over,Men,Jan-10,136000
848,16 to 19 years,Women,Jan-10,134000
849,20 to 24 years,Women,Jan-10,244000
850,25 to 34 years,Women,Jan-10,535000
851,35 to 44 years,Women,Jan-10,483000
852,45 to 54 years,Women,Jan-10,588000
853,55 to 64 years,Women,Jan-10,347000
854,65 years and over,Women,Jan-10,195000
855,16 to 19 years,Men,Feb-10,228000
856,20 to 24 years,Men,Feb-10,516000
857,25 to 34 years,Men,Feb-10,951000
858,35 to 44 years,Men,Feb-10,828000
859,45 to 54 years,Men,Feb-10,821000
860,55 to 64 years,Men,Feb-10,546000
861,65 years and over,Men,Feb-10,144000
862,16 to 19 years,Women,Feb-10,132000
863,20 to 24 years,Women,Feb-10,231000
864,25 to 34 years,Women,Feb-10,455000
865,35 to 44 years,Women,Feb-10,471000
866,45 to 54 years,Women,Feb-10,544000
867,55 to 64 years,Women,Feb-10,344000
868,65 years and over,Women,Feb-10,228000
869,16 to 19 years,Men,Mar-10,286000
870,20 to 24 years,Men,Mar-10,564000
871,25 to 34 years,Men,Mar-10,999000
872,35 to 44 years,Men,Mar-10,757000
873,45 to 54 years,Men,Mar-10,927000
874,55 to 64 years,Men,Mar-10,536000
875,65 years and over,Men,Mar-10,132000
876,16 to 19 years,Women,Mar-10,152000
877,20 to 24 years,Women,Mar-10,245000
878,25 to 34 years,Women,Mar-10,522000
879,35 to 44 years,Women,Mar-10,565000
880,45 to 54 years,Women,Mar-10,605000
881,55 to 64 years,Women,Mar-10,323000
882,65 years and over,Women,Mar-10,191000
883,16 to 19 years,Men,Apr-10,296000
884,20 to 24 years,Men,Apr-10,653000
885,25 to 34 years,Men,Apr-10,956000
886,35 to 44 years,Men,Apr-10,807000
887,45 to 54 years,Men,Apr-10,931000
888,55 to 64 years,Men,Apr-10,544000
889,65 years and over,Men,Apr-10,151000
890,16 to 19 years,Women,Apr-10,118000
891,20 to 24 years,Women,Apr-10,314000
892,25 to 34 years,Women,Apr-10,608000
893,35 to 44 years,Women,Apr-10,578000
894,45 to 54 years,Women,Apr-10,623000
895,55 to 64 years,Women,Apr-10,364000
896,65 years and over,Women,Apr-10,156000
897,16 to 19 years,Men,May-10,240000
898,20 to 24 years,Men,May-10,493000
899,25 to 34 years,Men,May-10,"1,011,000"
900,35 to 44 years,Men,May-10,704000
901,45 to 54 years,Men,May-10,827000
902,55 to 64 years,Men,May-10,553000
903,65 years and over,Men,May-10,144000
904,16 to 19 years,Women,May-10,159000
905,20 to 24 years,Women,May-10,293000
906,25 to 34 years,Women,May-10,631000
907,35 to 44 years,Women,May-10,550000
908,45 to 54 years,Women,May-10,546000
909,55 to 64 years,Women,May-10,403000
910,65 years and over,Women,May-10,172000
911,16 to 19 years,Men,Jun-10,280000
912,20 to 24 years,Men,Jun-10,516000
913,25 to 34 years,Men,Jun-10,931000
914,35 to 44 years,Men,Jun-10,699000
915,45 to 54 years,Men,Jun-10,862000
916,55 to 64 years,Men,Jun-10,485000
917,65 years and over,Men,Jun-10,115000
918,16 to 19 years,Women,Jun-10,117000
919,20 to 24 years,Women,Jun-10,301000
920,25 to 34 years,Women,Jun-10,578000
921,35 to 44 years,Women,Jun-10,538000
922,45 to 54 years,Women,Jun-10,528000
923,55 to 64 years,Women,Jun-10,399000
924,65 years and over,Women,Jun-10,161000
925,16 to 19 years,Men,Jul-10,238000
926,20 to 24 years,Men,Jul-10,566000
927,25 to 34 years,Men,Jul-10,814000
928,35 to 44 years,Men,Jul-10,635000
929,45 to 54 years,Men,Jul-10,848000
930,55 to 64 years,Men,Jul-10,526000
931,65 years and over,Men,Jul-10,135000
932,16 to 19 years,Women,Jul-10,152000
933,20 to 24 years,Women,Jul-10,359000
934,25 to 34 years,Women,Jul-10,630000
935,35 to 44 years,Women,Jul-10,568000
936,45 to 54 years,Women,Jul-10,575000
937,55 to 64 years,Women,Jul-10,390000
938,65 years and over,Women,Jul-10,213000
939,16 to 19 years,Men,Aug-10,197000
940,20 to 24 years,Men,Aug-10,505000
941,25 to 34 years,Men,Aug-10,789000
942,35 to 44 years,Men,Aug-10,707000
943,45 to 54 years,Men,Aug-10,833000
944,55 to 64 years,Men,Aug-10,516000
945,65 years and over,Men,Aug-10,134000
946,16 to 19 years,Women,Aug-10,126000
947,20 to 24 years,Women,Aug-10,273000
948,25 to 34 years,Women,Aug-10,579000
949,35 to 44 years,Women,Aug-10,547000
950,45 to 54 years,Women,Aug-10,598000
951,55 to 64 years,Women,Aug-10,385000
952,65 years and over,Women,Aug-10,197000
953,16 to 19 years,Men,Sep-10,158000
954,20 to 24 years,Men,Sep-10,414000
955,25 to 34 years,Men,Sep-10,815000
956,35 to 44 years,Men,Sep-10,743000
957,45 to 54 years,Men,Sep-10,808000
958,55 to 64 years,Men,Sep-10,489000
959,65 years and over,Men,Sep-10,134000
960,16 to 19 years,Women,Sep-10,93000
961,20 to 24 years,Women,Sep-10,252000
962,25 to 34 years,Women,Sep-10,615000
963,35 to 44 years,Women,Sep-10,546000
964,45 to 54 years,Women,Sep-10,538000
965,55 to 64 years,Women,Sep-10,408000
966,65 years and over,Women,Sep-10,192000
967,16 to 19 years,Men,Oct-10,162000
968,20 to 24 years,Men,Oct-10,457000
969,25 to 34 years,Men,Oct-10,718000
970,35 to 44 years,Men,Oct-10,698000
971,45 to 54 years,Men,Oct-10,811000
972,55 to 64 years,Men,Oct-10,530000
973,65 years and over,Men,Oct-10,141000
974,16 to 19 years,Women,Oct-10,144000
975,20 to 24 years,Women,Oct-10,315000
976,25 to 34 years,Women,Oct-10,601000
977,35 to 44 years,Women,Oct-10,485000
978,45 to 54 years,Women,Oct-10,571000
979,55 to 64 years,Women,Oct-10,374000
980,65 years and over,Women,Oct-10,158000
981,16 to 19 years,Men,Nov-10,149000
982,20 to 24 years,Men,Nov-10,440000
983,25 to 34 years,Men,Nov-10,739000
984,35 to 44 years,Men,Nov-10,699000
985,45 to 54 years,Men,Nov-10,879000
986,55 to 64 years,Men,Nov-10,539000
987,65 years and over,Men,Nov-10,173000
988,16 to 19 years,Women,Nov-10,105000
989,20 to 24 years,Women,Nov-10,306000
990,25 to 34 years,Women,Nov-10,578000
991,35 to 44 years,Women,Nov-10,529000
992,45 to 54 years,Women,Nov-10,621000
993,55 to 64 years,Women,Nov-10,394000
994,65 years and over,Women,Nov-10,205000
995,16 to 19 years,Men,Dec-10,149000
996,20 to 24 years,Men,Dec-10,456000
997,25 to 34 years,Men,Dec-10,750000
998,35 to 44 years,Men,Dec-10,693000
999,45 to 54 years,Men,Dec-10,877000
1000,55 to 64 years,Men,Dec-10,476000
1001,65 years and over,Men,Dec-10,157000
1002,16 to 19 years,Women,Dec-10,143000
1003,20 to 24 years,Women,Dec-10,297000
1004,25 to 34 years,Women,Dec-10,576000
1005,35 to 44 years,Women,Dec-10,557000
1006,45 to 54 years,Women,Dec-10,577000
1007,55 to 64 years,Women,Dec-10,378000
1008,65 years and over,Women,Dec-10,182000
1009,16 to 19 years,Men,Jan-11,204000
1010,20 to 24 years,Men,Jan-11,507000
1011,25 to 34 years,Men,Jan-11,803000
1012,35 to 44 years,Men,Jan-11,704000
1013,45 to 54 years,Men,Jan-11,788000
1014,55 to 64 years,Men,Jan-11,509000
1015,65 years and over,Men,Jan-11,152000
1016,16 to 19 years,Women,Jan-11,148000
1017,20 to 24 years,Women,Jan-11,348000
1018,25 to 34 years,Women,Jan-11,525000
1019,35 to 44 years,Women,Jan-11,530000
1020,45 to 54 years,Women,Jan-11,630000
1021,55 to 64 years,Women,Jan-11,355000
1022,65 years and over,Women,Jan-11,205000
1023,16 to 19 years,Men,Feb-11,196000
1024,20 to 24 years,Men,Feb-11,460000
1025,25 to 34 years,Men,Feb-11,812000
1026,35 to 44 years,Men,Feb-11,648000
1027,45 to 54 years,Men,Feb-11,752000
1028,55 to 64 years,Men,Feb-11,503000
1029,65 years and over,Men,Feb-11,145000
1030,16 to 19 years,Women,Feb-11,99000
1031,20 to 24 years,Women,Feb-11,371000
1032,25 to 34 years,Women,Feb-11,542000
1033,35 to 44 years,Women,Feb-11,520000
1034,45 to 54 years,Women,Feb-11,608000
1035,55 to 64 years,Women,Feb-11,318000
1036,65 years and over,Women,Feb-11,190000
1037,16 to 19 years,Men,Mar-11,205000
1038,20 to 24 years,Men,Mar-11,510000
1039,25 to 34 years,Men,Mar-11,849000
1040,35 to 44 years,Men,Mar-11,709000
1041,45 to 54 years,Men,Mar-11,784000
1042,55 to 64 years,Men,Mar-11,533000
1043,65 years and over,Men,Mar-11,140000
1044,16 to 19 years,Women,Mar-11,134000
1045,20 to 24 years,Women,Mar-11,329000
1046,25 to 34 years,Women,Mar-11,514000
1047,35 to 44 years,Women,Mar-11,514000
1048,45 to 54 years,Women,Mar-11,589000
1049,55 to 64 years,Women,Mar-11,362000
1050,65 years and over,Women,Mar-11,175000
1051,16 to 19 years,Men,Apr-11,241000
1052,20 to 24 years,Men,Apr-11,481000
1053,25 to 34 years,Men,Apr-11,866000
1054,35 to 44 years,Men,Apr-11,641000
1055,45 to 54 years,Men,Apr-11,710000
1056,55 to 64 years,Men,Apr-11,491000
1057,65 years and over,Men,Apr-11,137000
1058,16 to 19 years,Women,Apr-11,115000
1059,20 to 24 years,Women,Apr-11,324000
1060,25 to 34 years,Women,Apr-11,571000
1061,35 to 44 years,Women,Apr-11,505000
1062,45 to 54 years,Women,Apr-11,578000
1063,55 to 64 years,Women,Apr-11,355000
1064,65 years and over,Women,Apr-11,161000
1065,16 to 19 years,Men,May-11,196000
1066,20 to 24 years,Men,May-11,455000
1067,25 to 34 years,Men,May-11,857000
1068,35 to 44 years,Men,May-11,602000
1069,45 to 54 years,Men,May-11,779000
1070,55 to 64 years,Men,May-11,496000
1071,65 years and over,Men,May-11,148000
1072,16 to 19 years,Women,May-11,162000
1073,20 to 24 years,Women,May-11,354000
1074,25 to 34 years,Women,May-11,559000
1075,35 to 44 years,Women,May-11,485000
1076,45 to 54 years,Women,May-11,588000
1077,55 to 64 years,Women,May-11,382000
1078,65 years and over,Women,May-11,184000
1079,16 to 19 years,Men,Jun-11,180000
1080,20 to 24 years,Men,Jun-11,451000
1081,25 to 34 years,Men,Jun-11,749000
1082,35 to 44 years,Men,Jun-11,693000
1083,45 to 54 years,Men,Jun-11,685000
1084,55 to 64 years,Men,Jun-11,505000
1085,65 years and over,Men,Jun-11,148000
1086,16 to 19 years,Women,Jun-11,151000
1087,20 to 24 years,Women,Jun-11,297000
1088,25 to 34 years,Women,Jun-11,599000
1089,35 to 44 years,Women,Jun-11,528000
1090,45 to 54 years,Women,Jun-11,596000
1091,55 to 64 years,Women,Jun-11,388000
1092,65 years and over,Women,Jun-11,166000
1093,16 to 19 years,Men,Jul-11,164000
1094,20 to 24 years,Men,Jul-11,423000
1095,25 to 34 years,Men,Jul-11,761000
1096,35 to 44 years,Men,Jul-11,600000
1097,45 to 54 years,Men,Jul-11,757000
1098,55 to 64 years,Men,Jul-11,524000
1099,65 years and over,Men,Jul-11,159000
1100,16 to 19 years,Women,Jul-11,171000
1101,20 to 24 years,Women,Jul-11,312000
1102,25 to 34 years,Women,Jul-11,688000
1103,35 to 44 years,Women,Jul-11,543000
1104,45 to 54 years,Women,Jul-11,596000
1105,55 to 64 years,Women,Jul-11,403000
1106,65 years and over,Women,Jul-11,219000
1107,16 to 19 years,Men,Aug-11,163000
1108,20 to 24 years,Men,Aug-11,418000
1109,25 to 34 years,Men,Aug-11,682000
1110,35 to 44 years,Men,Aug-11,665000
1111,45 to 54 years,Men,Aug-11,670000
1112,55 to 64 years,Men,Aug-11,468000
1113,65 years and over,Men,Aug-11,153000
1114,16 to 19 years,Women,Aug-11,195000
1115,20 to 24 years,Women,Aug-11,281000
1116,25 to 34 years,Women,Aug-11,645000
1117,35 to 44 years,Women,Aug-11,541000
1118,45 to 54 years,Women,Aug-11,624000
1119,55 to 64 years,Women,Aug-11,422000
1120,65 years and over,Women,Aug-11,227000
1121,16 to 19 years,Men,Sep-11,134000
1122,20 to 24 years,Men,Sep-11,443000
1123,25 to 34 years,Men,Sep-11,727000
1124,35 to 44 years,Men,Sep-11,649000
1125,45 to 54 years,Men,Sep-11,717000
1126,55 to 64 years,Men,Sep-11,495000
1127,65 years and over,Men,Sep-11,168000
1128,16 to 19 years,Women,Sep-11,157000
1129,20 to 24 years,Women,Sep-11,322000
1130,25 to 34 years,Women,Sep-11,713000
1131,35 to 44 years,Women,Sep-11,503000
1132,45 to 54 years,Women,Sep-11,626000
1133,55 to 64 years,Women,Sep-11,445000
1134,65 years and over,Women,Sep-11,224000
1135,16 to 19 years,Men,Oct-11,146000
1136,20 to 24 years,Men,Oct-11,392000
1137,25 to 34 years,Men,Oct-11,682000
1138,35 to 44 years,Men,Oct-11,597000
1139,45 to 54 years,Men,Oct-11,668000
1140,55 to 64 years,Men,Oct-11,492000
1141,65 years and over,Men,Oct-11,157000
1142,16 to 19 years,Women,Oct-11,113000
1143,20 to 24 years,Women,Oct-11,329000
1144,25 to 34 years,Women,Oct-11,670000
1145,35 to 44 years,Women,Oct-11,436000
1146,45 to 54 years,Women,Oct-11,550000
1147,55 to 64 years,Women,Oct-11,416000
1148,65 years and over,Women,Oct-11,263000
1149,16 to 19 years,Men,Nov-11,189000
1150,20 to 24 years,Men,Nov-11,462000
1151,25 to 34 years,Men,Nov-11,649000
1152,35 to 44 years,Men,Nov-11,560000
1153,45 to 54 years,Men,Nov-11,631000
1154,55 to 64 years,Men,Nov-11,471000
1155,65 years and over,Men,Nov-11,172000
1156,16 to 19 years,Women,Nov-11,111000
1157,20 to 24 years,Women,Nov-11,307000
1158,25 to 34 years,Women,Nov-11,596000
1159,35 to 44 years,Women,Nov-11,460000
1160,45 to 54 years,Women,Nov-11,521000
1161,55 to 64 years,Women,Nov-11,387000
1162,65 years and over,Women,Nov-11,230000
1163,16 to 19 years,Men,Dec-11,150000
1164,20 to 24 years,Men,Dec-11,474000
1165,25 to 34 years,Men,Dec-11,699000
1166,35 to 44 years,Men,Dec-11,581000
1167,45 to 54 years,Men,Dec-11,575000
1168,55 to 64 years,Men,Dec-11,404000
1169,65 years and over,Men,Dec-11,150000
1170,16 to 19 years,Women,Dec-11,96000
1171,20 to 24 years,Women,Dec-11,250000
1172,25 to 34 years,Women,Dec-11,580000
1173,35 to 44 years,Women,Dec-11,467000
1174,45 to 54 years,Women,Dec-11,531000
1175,55 to 64 years,Women,Dec-11,349000
1176,65 years and over,Women,Dec-11,208000
1177,16 to 19 years,Men,Jan-12,200000
1178,20 to 24 years,Men,Jan-12,480000
1179,25 to 34 years,Men,Jan-12,690000
1180,35 to 44 years,Men,Jan-12,551000
1181,45 to 54 years,Men,Jan-12,563000
1182,55 to 64 years,Men,Jan-12,480000
1183,65 years and over,Men,Jan-12,130000
1184,16 to 19 years,Women,Jan-12,139000
1185,20 to 24 years,Women,Jan-12,239000
1186,25 to 34 years,Women,Jan-12,559000
1187,35 to 44 years,Women,Jan-12,551000
1188,45 to 54 years,Women,Jan-12,536000
1189,55 to 64 years,Women,Jan-12,377000
1190,65 years and over,Women,Jan-12,201000
1191,16 to 19 years,Men,Feb-12,184000
1192,20 to 24 years,Men,Feb-12,489000
1193,25 to 34 years,Men,Feb-12,626000
1194,35 to 44 years,Men,Feb-12,478000
1195,45 to 54 years,Men,Feb-12,599000
1196,55 to 64 years,Men,Feb-12,428000
1197,65 years and over,Men,Feb-12,118000
1198,16 to 19 years,Women,Feb-12,136000
1199,20 to 24 years,Women,Feb-12,264000
1200,25 to 34 years,Women,Feb-12,522000
1201,35 to 44 years,Women,Feb-12,502000
1202,45 to 54 years,Women,Feb-12,573000
1203,55 to 64 years,Women,Feb-12,362000
1204,65 years and over,Women,Feb-12,230000
1205,16 to 19 years,Men,Mar-12,186000
1206,20 to 24 years,Men,Mar-12,439000
1207,25 to 34 years,Men,Mar-12,716000
1208,35 to 44 years,Men,Mar-12,512000
1209,45 to 54 years,Men,Mar-12,579000
1210,55 to 64 years,Men,Mar-12,495000
1211,65 years and over,Men,Mar-12,118000
1212,16 to 19 years,Women,Mar-12,151000
1213,20 to 24 years,Women,Mar-12,255000
1214,25 to 34 years,Women,Mar-12,481000
1215,35 to 44 years,Women,Mar-12,414000
1216,45 to 54 years,Women,Mar-12,547000
1217,55 to 64 years,Women,Mar-12,389000
1218,65 years and over,Women,Mar-12,191000
1219,16 to 19 years,Men,Apr-12,180000
1220,20 to 24 years,Men,Apr-12,439000
1221,25 to 34 years,Men,Apr-12,645000
1222,35 to 44 years,Men,Apr-12,548000
1223,45 to 54 years,Men,Apr-12,543000
1224,55 to 64 years,Men,Apr-12,456000
1225,65 years and over,Men,Apr-12,133000
1226,16 to 19 years,Women,Apr-12,146000
1227,20 to 24 years,Women,Apr-12,215000
1228,25 to 34 years,Women,Apr-12,523000
1229,35 to 44 years,Women,Apr-12,391000
1230,45 to 54 years,Women,Apr-12,554000
1231,55 to 64 years,Women,Apr-12,370000
1232,65 years and over,Women,Apr-12,212000
1233,16 to 19 years,Men,May-12,168000
1234,20 to 24 years,Men,May-12,475000
1235,25 to 34 years,Men,May-12,606000
1236,35 to 44 years,Men,May-12,532000
1237,45 to 54 years,Men,May-12,590000
1238,55 to 64 years,Men,May-12,467000
1239,65 years and over,Men,May-12,171000
1240,16 to 19 years,Women,May-12,127000
1241,20 to 24 years,Women,May-12,246000
1242,25 to 34 years,Women,May-12,548000
1243,35 to 44 years,Women,May-12,516000
1244,45 to 54 years,Women,May-12,507000
1245,55 to 64 years,Women,May-12,336000
1246,65 years and over,Women,May-12,228000
1247,16 to 19 years,Men,Jun-12,159000
1248,20 to 24 years,Men,Jun-12,446000
1249,25 to 34 years,Men,Jun-12,581000
1250,35 to 44 years,Men,Jun-12,531000
1251,45 to 54 years,Men,Jun-12,586000
1252,55 to 64 years,Men,Jun-12,410000
1253,65 years and over,Men,Jun-12,184000
1254,16 to 19 years,Women,Jun-12,118000
1255,20 to 24 years,Women,Jun-12,239000
1256,25 to 34 years,Women,Jun-12,553000
1257,35 to 44 years,Women,Jun-12,490000
1258,45 to 54 years,Women,Jun-12,489000
1259,55 to 64 years,Women,Jun-12,308000
1260,65 years and over,Women,Jun-12,235000
1261,16 to 19 years,Men,Jul-12,149000
1262,20 to 24 years,Men,Jul-12,435000
1263,25 to 34 years,Men,Jul-12,536000
1264,35 to 44 years,Men,Jul-12,534000
1265,45 to 54 years,Men,Jul-12,574000
1266,55 to 64 years,Men,Jul-12,389000
1267,65 years and over,Men,Jul-12,168000
1268,16 to 19 years,Women,Jul-12,121000
1269,20 to 24 years,Women,Jul-12,280000
1270,25 to 34 years,Women,Jul-12,526000
1271,35 to 44 years,Women,Jul-12,490000
1272,45 to 54 years,Women,Jul-12,559000
1273,55 to 64 years,Women,Jul-12,359000
1274,65 years and over,Women,Jul-12,244000
1275,16 to 19 years,Men,Aug-12,121000
1276,20 to 24 years,Men,Aug-12,460000
1277,25 to 34 years,Men,Aug-12,504000
1278,35 to 44 years,Men,Aug-12,471000
1279,45 to 54 years,Men,Aug-12,583000
1280,55 to 64 years,Men,Aug-12,386000
1281,65 years and over,Men,Aug-12,152000
1282,16 to 19 years,Women,Aug-12,114000
1283,20 to 24 years,Women,Aug-12,296000
1284,25 to 34 years,Women,Aug-12,481000
1285,35 to 44 years,Women,Aug-12,474000
1286,45 to 54 years,Women,Aug-12,545000
1287,55 to 64 years,Women,Aug-12,330000
1288,65 years and over,Women,Aug-12,243000
1289,16 to 19 years,Men,Sep-12,147000
1290,20 to 24 years,Men,Sep-12,368000
1291,25 to 34 years,Men,Sep-12,560000
1292,35 to 44 years,Men,Sep-12,458000
1293,45 to 54 years,Men,Sep-12,508000
1294,55 to 64 years,Men,Sep-12,412000
1295,65 years and over,Men,Sep-12,162000
1296,16 to 19 years,Women,Sep-12,82000
1297,20 to 24 years,Women,Sep-12,242000
1298,25 to 34 years,Women,Sep-12,516000
1299,35 to 44 years,Women,Sep-12,419000
1300,45 to 54 years,Women,Sep-12,522000
1301,55 to 64 years,Women,Sep-12,341000
1302,65 years and over,Women,Sep-12,196000
1303,16 to 19 years,Men,Oct-12,160000
1304,20 to 24 years,Men,Oct-12,348000
1305,25 to 34 years,Men,Oct-12,617000
1306,35 to 44 years,Men,Oct-12,493000
1307,45 to 54 years,Men,Oct-12,562000
1308,55 to 64 years,Men,Oct-12,392000
1309,65 years and over,Men,Oct-12,120000
1310,16 to 19 years,Women,Oct-12,105000
1311,20 to 24 years,Women,Oct-12,252000
1312,25 to 34 years,Women,Oct-12,521000
1313,35 to 44 years,Women,Oct-12,417000
1314,45 to 54 years,Women,Oct-12,469000
1315,55 to 64 years,Women,Oct-12,343000
1316,65 years and over,Women,Oct-12,206000
1317,16 to 19 years,Men,Nov-12,192000
1318,20 to 24 years,Men,Nov-12,323000
1319,25 to 34 years,Men,Nov-12,538000
1320,35 to 44 years,Men,Nov-12,490000
1321,45 to 54 years,Men,Nov-12,509000
1322,55 to 64 years,Men,Nov-12,459000
1323,65 years and over,Men,Nov-12,115000
1324,16 to 19 years,Women,Nov-12,96000
1325,20 to 24 years,Women,Nov-12,269000
1326,25 to 34 years,Women,Nov-12,482000
1327,35 to 44 years,Women,Nov-12,369000
1328,45 to 54 years,Women,Nov-12,450000
1329,55 to 64 years,Women,Nov-12,312000
1330,65 years and over,Women,Nov-12,195000
1331,16 to 19 years,Men,Dec-12,155000
1332,20 to 24 years,Men,Dec-12,368000
1333,25 to 34 years,Men,Dec-12,526000
1334,35 to 44 years,Men,Dec-12,476000
1335,45 to 54 years,Men,Dec-12,475000
1336,55 to 64 years,Men,Dec-12,404000
1337,65 years and over,Men,Dec-12,97000
1338,16 to 19 years,Women,Dec-12,69000
1339,20 to 24 years,Women,Dec-12,262000
1340,25 to 34 years,Women,Dec-12,444000
1341,35 to 44 years,Women,Dec-12,451000
1342,45 to 54 years,Women,Dec-12,470000
1343,55 to 64 years,Women,Dec-12,328000
1344,65 years and over,Women,Dec-12,191000
1345,16 to 19 years,Men,Jan-13,166000
1346,20 to 24 years,Men,Jan-13,436000
1347,25 to 34 years,Men,Jan-13,528000
1348,35 to 44 years,Men,Jan-13,479000
1349,45 to 54 years,Men,Jan-13,477000
1350,55 to 64 years,Men,Jan-13,395000
1351,65 years and over,Men,Jan-13,125000
1352,16 to 19 years,Women,Jan-13,107000
1353,20 to 24 years,Women,Jan-13,264000
1354,25 to 34 years,Women,Jan-13,436000
1355,35 to 44 years,Women,Jan-13,464000
1356,45 to 54 years,Women,Jan-13,470000
1357,55 to 64 years,Women,Jan-13,339000
1358,65 years and over,Women,Jan-13,219000
1359,16 to 19 years,Men,Feb-13,202000
1360,20 to 24 years,Men,Feb-13,405000
1361,25 to 34 years,Men,Feb-13,561000
1362,35 to 44 years,Men,Feb-13,471000
1363,45 to 54 years,Men,Feb-13,486000
1364,55 to 64 years,Men,Feb-13,410000
1365,65 years and over,Men,Feb-13,131000
1366,16 to 19 years,Women,Feb-13,95000
1367,20 to 24 years,Women,Feb-13,256000
1368,25 to 34 years,Women,Feb-13,431000
1369,35 to 44 years,Women,Feb-13,462000
1370,45 to 54 years,Women,Feb-13,479000
1371,55 to 64 years,Women,Feb-13,309000
1372,65 years and over,Women,Feb-13,198000
1373,16 to 19 years,Men,Mar-13,151000
1374,20 to 24 years,Men,Mar-13,381000
1375,25 to 34 years,Men,Mar-13,511000
1376,35 to 44 years,Men,Mar-13,500000
1377,45 to 54 years,Men,Mar-13,493000
1378,55 to 64 years,Men,Mar-13,421000
1379,65 years and over,Men,Mar-13,128000
1380,16 to 19 years,Women,Mar-13,103000
1381,20 to 24 years,Women,Mar-13,278000
1382,25 to 34 years,Women,Mar-13,414000
1383,35 to 44 years,Women,Mar-13,398000
1384,45 to 54 years,Women,Mar-13,461000
1385,55 to 64 years,Women,Mar-13,310000
1386,65 years and over,Women,Mar-13,187000
1387,16 to 19 years,Men,Apr-13,160000
1388,20 to 24 years,Men,Apr-13,363000
1389,25 to 34 years,Men,Apr-13,544000
1390,35 to 44 years,Men,Apr-13,421000
1391,45 to 54 years,Men,Apr-13,504000
1392,55 to 64 years,Men,Apr-13,378000
1393,65 years and over,Men,Apr-13,149000
1394,16 to 19 years,Women,Apr-13,124000
1395,20 to 24 years,Women,Apr-13,262000
1396,25 to 34 years,Women,Apr-13,413000
1397,35 to 44 years,Women,Apr-13,341000
1398,45 to 54 years,Women,Apr-13,444000
1399,55 to 64 years,Women,Apr-13,299000
1400,65 years and over,Women,Apr-13,180000
1401,16 to 19 years,Men,May-13,161000
1402,20 to 24 years,Men,May-13,380000
1403,25 to 34 years,Men,May-13,478000
1404,35 to 44 years,Men,May-13,426000
1405,45 to 54 years,Men,May-13,527000
1406,55 to 64 years,Men,May-13,376000
1407,65 years and over,Men,May-13,135000
1408,16 to 19 years,Women,May-13,94000
1409,20 to 24 years,Women,May-13,238000
1410,25 to 34 years,Women,May-13,386000
1411,35 to 44 years,Women,May-13,381000
1412,45 to 54 years,Women,May-13,426000
1413,55 to 64 years,Women,May-13,297000
1414,65 years and over,Women,May-13,143000
1415,16 to 19 years,Men,Jun-13,146000
1416,20 to 24 years,Men,Jun-13,418000
1417,25 to 34 years,Men,Jun-13,488000
1418,35 to 44 years,Men,Jun-13,366000
1419,45 to 54 years,Men,Jun-13,449000
1420,55 to 64 years,Men,Jun-13,325000
1421,65 years and over,Men,Jun-13,116000
1422,16 to 19 years,Women,Jun-13,106000
1423,20 to 24 years,Women,Jun-13,253000
1424,25 to 34 years,Women,Jun-13,427000
1425,35 to 44 years,Women,Jun-13,372000
1426,45 to 54 years,Women,Jun-13,398000
1427,55 to 64 years,Women,Jun-13,270000
1428,65 years and over,Women,Jun-13,226000
1429,16 to 19 years,Men,Jul-13,131000
1430,20 to 24 years,Men,Jul-13,377000
1431,25 to 34 years,Men,Jul-13,492000
1432,35 to 44 years,Men,Jul-13,421000
1433,45 to 54 years,Men,Jul-13,451000
1434,55 to 64 years,Men,Jul-13,353000
1435,65 years and over,Men,Jul-13,106000
1436,16 to 19 years,Women,Jul-13,79000
1437,20 to 24 years,Women,Jul-13,239000
1438,25 to 34 years,Women,Jul-13,507000
1439,35 to 44 years,Women,Jul-13,400000
1440,45 to 54 years,Women,Jul-13,405000
1441,55 to 64 years,Women,Jul-13,268000
1442,65 years and over,Women,Jul-13,170000
1443,16 to 19 years,Men,Aug-13,123000
1444,20 to 24 years,Men,Aug-13,393000
1445,25 to 34 years,Men,Aug-13,594000
1446,35 to 44 years,Men,Aug-13,462000
1447,45 to 54 years,Men,Aug-13,417000
1448,55 to 64 years,Men,Aug-13,364000
1449,65 years and over,Men,Aug-13,78000
1450,16 to 19 years,Women,Aug-13,77000
1451,20 to 24 years,Women,Aug-13,239000
1452,25 to 34 years,Women,Aug-13,458000
1453,35 to 44 years,Women,Aug-13,348000
1454,45 to 54 years,Women,Aug-13,372000
1455,55 to 64 years,Women,Aug-13,290000
1456,65 years and over,Women,Aug-13,167000
1457,16 to 19 years,Men,Sep-13,141000
1458,20 to 24 years,Men,Sep-13,403000
1459,25 to 34 years,Men,Sep-13,479000
1460,35 to 44 years,Men,Sep-13,454000
1461,45 to 54 years,Men,Sep-13,404000
1462,55 to 64 years,Men,Sep-13,385000
1463,65 years and over,Men,Sep-13,91000
1464,16 to 19 years,Women,Sep-13,37000
1465,20 to 24 years,Women,Sep-13,211000
1466,25 to 34 years,Women,Sep-13,421000
1467,35 to 44 years,Women,Sep-13,307000
1468,45 to 54 years,Women,Sep-13,363000
1469,55 to 64 years,Women,Sep-13,302000
1470,65 years and over,Women,Sep-13,195000
1471,16 to 19 years,Men,Oct-13,132000
1472,20 to 24 years,Men,Oct-13,319000
1473,25 to 34 years,Men,Oct-13,437000
1474,35 to 44 years,Men,Oct-13,410000
1475,45 to 54 years,Men,Oct-13,424000
1476,55 to 64 years,Men,Oct-13,363000
1477,65 years and over,Men,Oct-13,97000
1478,16 to 19 years,Women,Oct-13,73000
1479,20 to 24 years,Women,Oct-13,210000
1480,25 to 34 years,Women,Oct-13,445000
1481,35 to 44 years,Women,Oct-13,303000
1482,45 to 54 years,Women,Oct-13,355000
1483,55 to 64 years,Women,Oct-13,317000
1484,65 years and over,Women,Oct-13,186000
1485,16 to 19 years,Men,Nov-13,144000
1486,20 to 24 years,Men,Nov-13,289000
1487,25 to 34 years,Men,Nov-13,549000
1488,35 to 44 years,Men,Nov-13,411000
1489,45 to 54 years,Men,Nov-13,399000
1490,55 to 64 years,Men,Nov-13,339000
1491,65 years and over,Men,Nov-13,97000
1492,16 to 19 years,Women,Nov-13,75000
1493,20 to 24 years,Women,Nov-13,197000
1494,25 to 34 years,Women,Nov-13,435000
1495,35 to 44 years,Women,Nov-13,305000
1496,45 to 54 years,Women,Nov-13,398000
1497,55 to 64 years,Women,Nov-13,272000
1498,65 years and over,Women,Nov-13,179000
1499,16 to 19 years,Men,Dec-13,106000
1500,20 to 24 years,Men,Dec-13,307000
1501,25 to 34 years,Men,Dec-13,514000
1502,35 to 44 years,Men,Dec-13,409000
1503,45 to 54 years,Men,Dec-13,359000
1504,55 to 64 years,Men,Dec-13,359000
1505,65 years and over,Men,Dec-13,82000
1506,16 to 19 years,Women,Dec-13,62000
1507,20 to 24 years,Women,Dec-13,217000
1508,25 to 34 years,Women,Dec-13,370000
1509,35 to 44 years,Women,Dec-13,290000
1510,45 to 54 years,Women,Dec-13,357000
1511,55 to 64 years,Women,Dec-13,240000
1512,65 years and over,Women,Dec-13,169000
1513,16 to 19 years,Men,Jan-14,97000
1514,20 to 24 years,Men,Jan-14,339000
1515,25 to 34 years,Men,Jan-14,493000
1516,35 to 44 years,Men,Jan-14,363000
1517,45 to 54 years,Men,Jan-14,427000
1518,55 to 64 years,Men,Jan-14,318000
1519,65 years and over,Men,Jan-14,93000
1520,16 to 19 years,Women,Jan-14,88000
1521,20 to 24 years,Women,Jan-14,222000
1522,25 to 34 years,Women,Jan-14,292000
1523,35 to 44 years,Women,Jan-14,304000
1524,45 to 54 years,Women,Jan-14,346000
1525,55 to 64 years,Women,Jan-14,231000
1526,65 years and over,Women,Jan-14,179000
1527,16 to 19 years,Men,Feb-14,129000
1528,20 to 24 years,Men,Feb-14,366000
1529,25 to 34 years,Men,Feb-14,488000
1530,35 to 44 years,Men,Feb-14,380000
1531,45 to 54 years,Men,Feb-14,458000
1532,55 to 64 years,Men,Feb-14,304000
1533,65 years and over,Men,Feb-14,76000
1534,16 to 19 years,Women,Feb-14,112000
1535,20 to 24 years,Women,Feb-14,184000
1536,25 to 34 years,Women,Feb-14,393000
1537,35 to 44 years,Women,Feb-14,317000
1538,45 to 54 years,Women,Feb-14,354000
1539,55 to 64 years,Women,Feb-14,244000
1540,65 years and over,Women,Feb-14,173000
1541,16 to 19 years,Men,Mar-14,136000
1542,20 to 24 years,Men,Mar-14,378000
1543,25 to 34 years,Men,Mar-14,418000
1544,35 to 44 years,Men,Mar-14,351000
1545,45 to 54 years,Men,Mar-14,401000
1546,55 to 64 years,Men,Mar-14,347000
1547,65 years and over,Men,Mar-14,76000
1548,16 to 19 years,Women,Mar-14,99000
1549,20 to 24 years,Women,Mar-14,224000
1550,25 to 34 years,Women,Mar-14,404000
1551,35 to 44 years,Women,Mar-14,316000
1552,45 to 54 years,Women,Mar-14,332000
1553,55 to 64 years,Women,Mar-14,252000
1554,65 years and over,Women,Mar-14,151000
1555,16 to 19 years,Men,Apr-14,119000
1556,20 to 24 years,Men,Apr-14,325000
1557,25 to 34 years,Men,Apr-14,456000
1558,35 to 44 years,Men,Apr-14,313000
1559,45 to 54 years,Men,Apr-14,337000
1560,55 to 64 years,Men,Apr-14,284000
1561,65 years and over,Men,Apr-14,105000
1562,16 to 19 years,Women,Apr-14,88000
1563,20 to 24 years,Women,Apr-14,165000
1564,25 to 34 years,Women,Apr-14,357000
1565,35 to 44 years,Women,Apr-14,273000
1566,45 to 54 years,Women,Apr-14,333000
1567,55 to 64 years,Women,Apr-14,264000
1568,65 years and over,Women,Apr-14,143000
1569,16 to 19 years,Men,May-14,84000
1570,20 to 24 years,Men,May-14,302000
1571,25 to 34 years,Men,May-14,496000
1572,35 to 44 years,Men,May-14,311000
1573,45 to 54 years,Men,May-14,329000
1574,55 to 64 years,Men,May-14,253000
1575,65 years and over,Men,May-14,84000
1576,16 to 19 years,Women,May-14,75000
1577,20 to 24 years,Women,May-14,141000
1578,25 to 34 years,Women,May-14,372000
1579,35 to 44 years,Women,May-14,278000
1580,45 to 54 years,Women,May-14,304000
1581,55 to 64 years,Women,May-14,250000
1582,65 years and over,Women,May-14,183000
1583,16 to 19 years,Men,Jun-14,66000
1584,20 to 24 years,Men,Jun-14,285000
1585,25 to 34 years,Men,Jun-14,386000
1586,35 to 44 years,Men,Jun-14,268000
1587,45 to 54 years,Men,Jun-14,278000
1588,55 to 64 years,Men,Jun-14,289000
1589,65 years and over,Men,Jun-14,114000
1590,16 to 19 years,Women,Jun-14,81000
1591,20 to 24 years,Women,Jun-14,130000
1592,25 to 34 years,Women,Jun-14,339000
1593,35 to 44 years,Women,Jun-14,250000
1594,45 to 54 years,Women,Jun-14,239000
1595,55 to 64 years,Women,Jun-14,203000
1596,65 years and over,Women,Jun-14,172000
1597,16 to 19 years,Men,Jul-14,98000
1598,20 to 24 years,Men,Jul-14,277000
1599,25 to 34 years,Men,Jul-14,413000
1600,35 to 44 years,Men,Jul-14,312000
1601,45 to 54 years,Men,Jul-14,254000
1602,55 to 64 years,Men,Jul-14,251000
1603,65 years and over,Men,Jul-14,97000
1604,16 to 19 years,Women,Jul-14,93000
1605,20 to 24 years,Women,Jul-14,140000
1606,25 to 34 years,Women,Jul-14,348000
1607,35 to 44 years,Women,Jul-14,280000
1608,45 to 54 years,Women,Jul-14,293000
1609,55 to 64 years,Women,Jul-14,267000
1610,65 years and over,Women,Jul-14,213000
1611,16 to 19 years,Men,Aug-14,105000
1612,20 to 24 years,Men,Aug-14,254000
1613,25 to 34 years,Men,Aug-14,342000
1614,35 to 44 years,Men,Aug-14,288000
1615,45 to 54 years,Men,Aug-14,265000
1616,55 to 64 years,Men,Aug-14,215000
1617,65 years and over,Men,Aug-14,95000
1618,16 to 19 years,Women,Aug-14,68000
1619,20 to 24 years,Women,Aug-14,136000
1620,25 to 34 years,Women,Aug-14,354000
1621,35 to 44 years,Women,Aug-14,250000
1622,45 to 54 years,Women,Aug-14,258000
1623,55 to 64 years,Women,Aug-14,224000
1624,65 years and over,Women,Aug-14,257000
1625,16 to 19 years,Men,Sep-14,89000
1626,20 to 24 years,Men,Sep-14,266000
1627,25 to 34 years,Men,Sep-14,350000
1628,35 to 44 years,Men,Sep-14,228000
1629,45 to 54 years,Men,Sep-14,275000
1630,55 to 64 years,Men,Sep-14,218000
1631,65 years and over,Men,Sep-14,79000
1632,16 to 19 years,Women,Sep-14,83000
1633,20 to 24 years,Women,Sep-14,116000
1634,25 to 34 years,Women,Sep-14,350000
1635,35 to 44 years,Women,Sep-14,294000
1636,45 to 54 years,Women,Sep-14,297000
1637,55 to 64 years,Women,Sep-14,191000
1638,65 years and over,Women,Sep-14,193000
1639,16 to 19 years,Men,Oct-14,84000
1640,20 to 24 years,Men,Oct-14,241000
1641,25 to 34 years,Men,Oct-14,313000
1642,35 to 44 years,Men,Oct-14,240000
1643,45 to 54 years,Men,Oct-14,276000
1644,55 to 64 years,Men,Oct-14,252000
1645,65 years and over,Men,Oct-14,84000
1646,16 to 19 years,Women,Oct-14,37000
1647,20 to 24 years,Women,Oct-14,197000
1648,25 to 34 years,Women,Oct-14,334000
1649,35 to 44 years,Women,Oct-14,234000
1650,45 to 54 years,Women,Oct-14,278000
1651,55 to 64 years,Women,Oct-14,203000
1652,65 years and over,Women,Oct-14,188000
1653,16 to 19 years,Men,Nov-14,75000
1654,20 to 24 years,Men,Nov-14,226000
1655,25 to 34 years,Men,Nov-14,282000
1656,35 to 44 years,Men,Nov-14,257000
1657,45 to 54 years,Men,Nov-14,292000
1658,55 to 64 years,Men,Nov-14,242000
1659,65 years and over,Men,Nov-14,122000
1660,16 to 19 years,Women,Nov-14,62000
1661,20 to 24 years,Women,Nov-14,174000
1662,25 to 34 years,Women,Nov-14,297000
1663,35 to 44 years,Women,Nov-14,225000
1664,45 to 54 years,Women,Nov-14,237000
1665,55 to 64 years,Women,Nov-14,234000
1666,65 years and over,Women,Nov-14,141000
1667,16 to 19 years,Men,Dec-14,81000
1668,20 to 24 years,Men,Dec-14,201000
1669,25 to 34 years,Men,Dec-14,357000
1670,35 to 44 years,Men,Dec-14,205000
1671,45 to 54 years,Men,Dec-14,285000
1672,55 to 64 years,Men,Dec-14,266000
1673,65 years and over,Men,Dec-14,110000
1674,16 to 19 years,Women,Dec-14,60000
1675,20 to 24 years,Women,Dec-14,182000
1676,25 to 34 years,Women,Dec-14,284000
1677,35 to 44 years,Women,Dec-14,226000
1678,45 to 54 years,Women,Dec-14,214000
1679,55 to 64 years,Women,Dec-14,173000
1680,65 years and over,Women,Dec-14,128000
1681,16 to 19 years,Men,Jan-15,85000
1682,20 to 24 years,Men,Jan-15,241000
1683,25 to 34 years,Men,Jan-15,362000
1684,35 to 44 years,Men,Jan-15,282000
1685,45 to 54 years,Men,Jan-15,249000
1686,55 to 64 years,Men,Jan-15,222000
1687,65 years and over,Men,Jan-15,97000
1688,16 to 19 years,Women,Jan-15,75000
1689,20 to 24 years,Women,Jan-15,143000
1690,25 to 34 years,Women,Jan-15,302000
1691,35 to 44 years,Women,Jan-15,240000
1692,45 to 54 years,Women,Jan-15,297000
1693,55 to 64 years,Women,Jan-15,212000
1694,65 years and over,Women,Jan-15,157000
1695,16 to 19 years,Men,Feb-15,93000
1696,20 to 24 years,Men,Feb-15,255000
1697,25 to 34 years,Men,Feb-15,319000
1698,35 to 44 years,Men,Feb-15,270000
1699,45 to 54 years,Men,Feb-15,272000
1700,55 to 64 years,Men,Feb-15,229000
1701,65 years and over,Men,Feb-15,100000
1702,16 to 19 years,Women,Feb-15,80000
1703,20 to 24 years,Women,Feb-15,141000
1704,25 to 34 years,Women,Feb-15,294000
1705,35 to 44 years,Women,Feb-15,235000
1706,45 to 54 years,Women,Feb-15,253000
1707,55 to 64 years,Women,Feb-15,170000
1708,65 years and over,Women,Feb-15,174000
